ID0000,Mary,Smith,06/09/2000,English Literature
ID0001,John,Williams,10/03/1993,Physics
ID0002,Sarah,Taylor,09/01/1988,Mathematics
ID0003,Elizabeth,Johnson,19/06/1997,Biology
ID0004,Robert,Jackson,04/05/1998,Computer Science
ID0005,Jennifer,Rodriguez,27/06/1968,History
ID0006,Elizabeth,Gonzalez,10/04/1980,Mathematics
ID0007,Karen,Smith,17/10/1969,Biology
ID0008,Mary,Hernandez,22/05/1976,Chemistry
ID0009,Patricia,Rodriguez,23/09/1986,Physics
ID0010,Patricia,Anderson,06/05/1989,Economics
ID0011,Jessica,Jones,01/03/1971,English Literature
ID0012,John,Smith,31/12/1961,English Literature
ID0013,Thomas,Garcia,08/12/1990,Computer Science
ID0014,Karen,Smith,12/03/1980,History
ID0015,Michael,Jones,01/04/1969,Economics
ID0016,Jessica,Williams,03/04/1982,English Literature
ID0017,Linda,Jackson,27/03/2000,Economics
ID0018,Michael,Williams,20/04/1970,English Literature
ID0019,Michael,Gonzalez,24/11/1987,History
ID0020,Mary,Davis,15/04/1992,English Literature
ID0021,Patricia,Moore,22/04/1973,Psychology
ID0022,Thomas,Miller,16/11/1963,History
ID0023,Mary,Thomas,11/11/1991,Chemistry
ID0024,Richard,Martin,29/03/1999,Computer Science
ID0025,Jessica,Gonzalez,20/06/1967,Computer Science
ID0026,Joseph,Lopez,27/07/1992,Biology
ID0027,Karen,Miller,10/11/1983,Computer Science
ID0028,Richard,Martin,03/08/1998,Computer Science
ID0029,Linda,Taylor,21/05/1978,Economics
ID0030,Robert,Taylor,01/03/1983,English Literature
ID0031,John,Thomas,27/02/1962,Biology
ID0032,Richard,Thomas,09/12/1998,History
ID0033,John,Jackson,24/04/1982,Chemistry
ID0034,Thomas,Martin,10/02/1992,Computer Science
ID0035,Thomas,Williams,05/09/1963,Chemistry
ID0036,Elizabeth,Johnson,09/11/1977,Engineering
ID0037,William,Lopez,24/10/1988,Chemistry
ID0038,Barbara,Smith,16/10/1970,Computer Science
ID0039,Jessica,Rodriguez,20/02/1983,Chemistry
ID0040,Joseph,Taylor,28/07/1986,History
ID0041,Jennifer,Rodriguez,27/09/1978,Biology
ID0042,Joseph,Martinez,11/08/1968,Physics
ID0043,Richard,Anderson,12/09/1968,Biology
ID0044,John,Brown,17/03/1992,Engineering
ID0045,Robert,Moore,27/07/1986,English Literature
ID0046,James,Thomas,13/01/1966,History
ID0047,Jennifer,Hernandez,01/02/1987,Chemistry
ID0048,Mary,Brown,16/10/1963,Economics
ID0049,Elizabeth,Gonzalez,10/09/1988,Engineering
